{
  "tag": "raw",
  "n_sites": 17,
  "n_perm": 200,
  "pca_components": 50,
  "max_per_site": 80,
  "metrics": {
    "acc": 0.6334837311421643,
    "f1_macro": 0.6062502276733737,
    "p_acc": 0.004975124378109453,
    "p_f1_macro": 0.004975124378109453
  }
}