{
  "acc_mean": 0.02582398912674142,
  "acc_std": 0.01216652222343496,
  "f1_macro_mean": 0.020498096674567264,
  "f1_macro_std": 0.0085344292847172
}