{
  "acc_mean": 0.7508491508491508,
  "acc_std": 0.059324978970436565,
  "f1_macro_mean": 0.7009845056903881,
  "f1_macro_std": 0.07254361889710297,
  "p_acc": 0.004975124378109453,
  "p_f1": 0.004975124378109453,
  "perm_acc": [
    0.05138195138195138,
    0.06426906426906427,
    0.05654345654345655,
    0.07465867465867465,
    0.05917415917415918,
    0.07202797202797204,
    0.06163836163836164,
    0.06686646686646687,
    0.06933066933066934,
    0.056643356643356645,
    0.059107559107559104,
    0.05141525141525142,
    0.056510156510156506,
    0.06163836163836164,
    0.048917748917748916,
    0.05657675657675657,
    0.03596403596403597,
    0.08484848484848484,
    0.056510156510156506,
    0.04112554112554112,
    0.059207459207459213,
    0.05397935397935398,
    0.048784548784548784,
    0.05148185148185147,
    0.035997335997336,
    0.05134865134865134,
    0.051515151515151514,
    0.0693972693972694,
    0.054045954045954046,
    0.06943056943056942,
    0.06167166167166167,
    0.0644022644022644,
    0.07705627705627706,
    0.06933066933066934,
    0.05647685647685648,
    0.0667998667998668,
    0.04885114885114885,
    0.020646020646020648,
    0.06180486180486181,
    0.05397935397935398,
    0.06936396936396935,
    0.030835830835830837,
    0.04625374625374625,
    0.05394605394605394,
    0.04625374625374625,
    0.038561438561438566,
    0.07962037962037963,
    0.08997668997668998,
    0.04898434898434899,
    0.0644022644022644,
    0.06173826173826173,
    0.04368964368964369,
    0.054045954045954046,
    0.0333999333999334,
    0.05134865134865134,
    0.07965367965367964,
    0.061771561771561775,
    0.03603063603063603,
    0.08221778221778223,
    0.06423576423576424,
    0.05904095904095905,
    0.04625374625374625,
    0.02570762570762571,
    0.05644355644355644,
    0.041025641025641026,
    0.056510156510156506,
    0.05667665667665667,
    0.05657675657675658,
    0.04119214119214119,
    0.07186147186147186,
    0.06173826173826173,
    0.05141525141525142,
    0.07469197469197468,
    0.05910755910755912,
    0.06943056943056942,
    0.06446886446886446,
    0.04109224109224109,
    0.048784548784548784,
    0.05141525141525142,
    0.04881784881784882,
    0.07705627705627707,
    0.06933066933066934,
    0.05141525141525142,
    0.06426906426906427,
    0.0695970695970696,
    0.05141525141525142,
    0.05134865134865134,
    0.061771561771561775,
    0.06433566433566433,
    0.05397935397935398,
    0.05144855144855145,
    0.059074259074259075,
    0.05924075924075924,
    0.06426906426906427,
    0.04378954378954379,
    0.056543456543456536,
    0.051515151515151514,
    0.07965367965367967,
    0.048884448884448886,
    0.05134865134865134,
    0.05141525141525142,
    0.04881784881784882,
    0.054045954045954046,
    0.06426906426906427,
    0.048917748917748916,
    0.07952047952047951,
    0.04632034632034632,
    0.028271728271728275,
    0.059107559107559104,
    0.07469197469197468,
    0.05924075924075924,
    0.071994671994672,
    0.05158175158175158,
    0.05391275391275391,
    0.046187146187146186,
    0.033433233433233435,
    0.07186147186147186,
    0.043623043623043624,
    0.04632034632034632,
    0.056510156510156506,
    0.05394605394605395,
    0.05407925407925408,
    0.05141525141525142,
    0.07462537462537462,
    0.03852813852813853,
    0.06936396936396937,
    0.04622044622044622,
    0.0667998667998668,
    0.04888444888444888,
    0.0283050283050283,
    0.03333333333333333,
    0.06689976689976689,
    0.054012654012654,
    0.059107559107559104,
    0.03593073593073593,
    0.048784548784548784,
    0.0667998667998668,
    0.043756243756243755,
    0.07192807192807193,
    0.08235098235098234,
    0.05141525141525142,
    0.054012654012654,
    0.06426906426906427,
    0.05394605394605394,
    0.04372294372294373,
    0.048884448884448886,
    0.03596403596403597,
    0.05391275391275392,
    0.04881784881784882,
    0.06686646686646687,
    0.04638694638694639,
    0.06693306693306693,
    0.07972027972027973,
    0.05917415917415918,
    0.048784548784548784,
    0.054012654012654,
    0.06426906426906427,
    0.04628704628704629,
    0.0642024642024642,
    0.07465867465867465,
    0.09264069264069265,
    0.04628704628704629,
    0.06943056943056942,
    0.05141525141525142,
    0.041158841158841164,
    0.056543456543456536,
    0.041058941058941055,
    0.08984348984348985,
    0.033433233433233435,
    0.033433233433233435,
    0.06433566433566433,
    0.06946386946386947,
    0.06160506160506161,
    0.06163836163836164,
    0.04119214119214119,
    0.05917415917415918,
    0.0693972693972694,
    0.07449217449217449,
    0.08481518481518482,
    0.05397935397935398,
    0.0566100566100566,
    0.071994671994672,
    0.06157176157176157,
    0.03333333333333333,
    0.038628038628038625,
    0.06157176157176157,
    0.06956376956376956,
    0.06426906426906427,
    0.041158841158841164,
    0.05647685647685648,
    0.056510156510156506,
    0.07196137196137195,
    0.06173826173826173,
    0.05397935397935398,
    0.06423576423576424,
    0.0668997668997669,
    0.051381951381951375,
    0.06936396936396937,
    0.043756243756243755,
    0.043623043623043624
  ],