{
  "acc_mean": 0.05141525141525142,
  "acc_std": 0.00026640026640026846,
  "f1_macro_mean": 0.03913668031315091,
  "f1_macro_std": 0.004760618154812146,
  "p_acc": 0.7910447761194029,
  "p_f1": 0.8756218905472637,
  "perm_acc": [
    0.059107559107559104,
    0.054012654012654,
    0.06416916416916417,
    0.06953046953046953,
    0.07715617715617715,
    0.0668997668997669,
    0.07965367965367964,
    0.04362304362304362,
    0.07965367965367964,
    0.05657675657675658,
    0.04885114885114885,
    0.04368964368964369,
    0.05657675657675658,
    0.04881784881784882,
    0.054012654012654,
    0.061771561771561775,
    0.0436896436896437,
    0.09257409257409258,
    0.05647685647685648,
    0.06426906426906427,
    0.051515151515151514,
    0.04881784881784882,
    0.056510156510156506,
    0.05917415917415918,
    0.035997335997336,
    0.04885114885114885,
    0.05407925407925408,
    0.054012654012654,
    0.08744588744588744,
    0.06163836163836164,
    0.06943056943056942,
    0.06173826173826173,
    0.056443556443556454,
    0.05387945387945388,
    0.05647685647685648,
    0.06163836163836164,
    0.04885114885114885,
    0.02837162837162837,
    0.06426906426906427,
    0.04372294372294372,
    0.07192807192807193,
    0.06430236430236429,
    0.0643023643023643,
    0.048784548784548784,
    0.046187146187146186,
    0.0642024642024642,
    0.08221778221778223,
    0.07449217449217449,
    0.06943056943056942,
    0.08478188478188478,
    0.0668997668997669,
    0.06949716949716951,
    0.0693972693972694,
    0.04885114885114885,
    0.05924075924075924,
    0.07715617715617715,
    0.05654345654345655,
    0.054045954045954046,
    0.06426906426906427,
    0.033466533466533464,
    0.059074259074259075,
    0.05904095904095904,
    0.04109224109224109,
    0.07705627705627707,
    0.04625374625374625,
    0.06173826173826173,
    0.054012654012654,
    0.04628704628704629,
    0.06173826173826173,
    0.059074259074259075,
    0.07968697968697969,
    0.06426906426906427,
    0.051481851481851484,
    0.06936396936396937,
    0.05144855144855145,
    0.061838161838161834,
    0.06423576423576424,
    0.04888444888444888,
    0.054045954045954046,
    0.05138195138195138,
    0.06936396936396937,
    0.06683316683316683,
    0.07712287712287713,
    0.05657675657675657,
    0.06173826173826173,
    0.05910755910755912,
    0.04368964368964369,
    0.06943056943056942,
    0.04885114885114885,
    0.05654345654345655,
    0.051481851481851484,
    0.05397935397935398,
    0.06173826173826173,
    0.05144855144855145,
    0.06676656676656677,
    0.056510156510156506,
    0.0668997668997669,
    0.06423576423576424,
    0.05684315684315684,
    0.0617049617049617,
    0.05917415917415918,
    0.06163836163836165,
    0.06167166167166167,
    0.0693972693972694,
    0.056543456543456536,
    0.07958707958707958,
    0.06933066933066934,
    0.06170496170496169,
    0.04378954378954379,
    0.07452547452547453,
    0.059140859140859134,
    0.0823176823176823,
    0.0643023643023643,
    0.05917415917415917,
    0.05394605394605395,
    0.05134865134865134,
    0.0566100566100566,
    0.06676656676656677,
    0.05651015651015652,
    0.054012654012654,
    0.05134865134865134,
    0.05391275391275391,
    0.06426906426906427,
    0.06683316683316684,
    0.03596403596403596,
    0.06430236430236431,
    0.04365634365634366,
    0.06423576423576424,
    0.0618048618048618,
    0.04372294372294372,
    0.048884448884448886,
    0.07459207459207459,
    0.03596403596403596,
    0.06686646686646687,
    0.04365634365634365,
    0.05394605394605394,
    0.07449217449217449,
    0.06946386946386947,
    0.07712287712287713,
    0.04122544122544122,
    0.06433566433566433,
    0.059107559107559104,
    0.06170496170496169,
    0.05657675657675658,
    0.04888444888444888,
    0.05657675657675658,
    0.054045954045954046,
    0.07449217449217449,
    0.06689976689976691,
    0.059140859140859134,
    0.06436896436896437,
    0.0692973692973693,
    0.056543456543456536,
    0.04625374625374625,
    0.04885114885114885,
    0.08737928737928738,
    0.07202797202797202,
    0.06173826173826173,
    0.07202797202797204,
    0.06686646686646687,
    0.0643023643023643,
    0.0566100566100566,
    0.06426906426906427,
    0.04372294372294372,
    0.05134865134865135,
    0.06423576423576424,
    0.04895104895104895,
    0.06673326673326674,
    0.07445887445887447,
    0.04625374625374625,
    0.07186147186147188,
    0.09513819513819513,
    0.04368964368964369,
    0.07459207459207459,
    0.06673326673326674,
    0.059107559107559104,
    0.07718947718947719,
    0.0693972693972694,
    0.07708957708957709,
    0.06683316683316683,
    0.07459207459207459,
    0.05657675657675658,
    0.06416916416916417,
    0.04881784881784882,
    0.05148185148185147,
    0.05394605394605395,
    0.07465867465867465,
    0.07196137196137195,
    0.05141525141525142,
    0.06936396936396937,
    0.05131535131535131,
    0.05394605394605394,
    0.054045954045954046,
    0.07708957708957709,
    0.06936396936396937,
    0.0642024642024642,
    0.07202797202797202,
    0.06683316683316684,
    0.06683316683316683,
    0.06426906426906427
  ],