{
  "acc_mean": 0.061771561771561775,
  "acc_std": 0.01739683744246647,
  "f1_macro_mean": 0.05065555359673006,
  "f1_macro_std": 0.016947375856449235,
  "p_acc": 0.3333333333333333,
  "p_f1": 0.42786069651741293,
  "perm_acc": [
    0.05138195138195138,
    0.06426906426906427,
    0.0693972693972694,
    0.06426906426906427,
    0.05917415917415918,
    0.06946386946386947,
    0.0667998667998668,
    0.04368964368964369,
    0.08478188478188478,
    0.05917415917415918,
    0.03852813852813853,
    0.04881784881784882,
    0.030869130869130866,
    0.06170496170496172,
    0.048884448884448886,
    0.06693306693306693,
    0.054012654012654,
    0.07715617715617715,
    0.04368964368964369,
    0.04115884115884115,
    0.05144855144855145,
    0.059074259074259075,
    0.04625374625374625,
    0.05144855144855145,
    0.023143523143523144,
    0.03336663336663337,
    0.051481851481851484,
    0.05144855144855145,
    0.05394605394605395,
    0.05394605394605394,
    0.06167166167166167,
    0.056643356643356645,
    0.056510156510156506,
    0.0667998667998668,
    0.0667998667998668,
    0.04885114885114885,
    0.04881784881784882,
    0.0309024309024309,
    0.06676656676656677,
    0.04632034632034632,
    0.07202797202797202,
    0.05910755910755912,
    0.06167166167166167,
    0.04622044622044622,
    0.05138195138195138,
    0.05134865134865135,
    0.08724608724608725,
    0.07189477189477189,
    0.06433566433566433,
    0.07715617715617715,
    0.0617049617049617,
    0.0643023643023643,
    0.06423576423576424,
    0.04885114885114885,
    0.061771561771561775,
    0.0693972693972694,
    0.06167166167166167,
    0.043756243756243755,
    0.071994671994672,
    0.04122544122544122,
    0.05391275391275392,
    0.05397935397935398,
    0.043623043623043624,
    0.0744921744921745,
    0.03593073593073594,
    0.07196137196137195,
    0.05657675657675658,
    0.033433233433233435,
    0.04628704628704629,
    0.06673326673326674,
    0.06686646686646687,
    0.0643023643023643,
    0.05411255411255411,
    0.06160506160506161,
    0.05910755910755912,
    0.06443556443556443,
    0.05391275391275391,
    0.04625374625374625,
    0.04378954378954379,
    0.033433233433233435,
    0.059140859140859134,
    0.0693972693972694,
    0.05394605394605394,
    0.05397935397935398,
    0.046353646353646354,
    0.05394605394605394,
    0.05134865134865134,
    0.06696636696636696,
    0.033433233433233435,
    0.038594738594738595,
    0.054012654012654,
    0.046187146187146186,
    0.06943056943056942,
    0.05138195138195138,
    0.04888444888444888,
    0.05904095904095904,
    0.07202797202797202,
    0.06936396936396935,
    0.05930735930735931,
    0.05138195138195138,
    0.053979353979353974,
    0.03852813852813853,
    0.05654345654345655,
    0.0617049617049617,
    0.06170496170496169,
    0.08724608724608725,
    0.05134865134865135,
    0.054012654012654,
    0.04119214119214119,
    0.07452547452547453,
    0.07212787212787213,
    0.061771561771561775,
    0.06173826173826173,
    0.05917415917415917,
    0.048751248751248755,
    0.0617049617049617,
    0.05141525141525142,
    0.05134865134865134,
    0.04628704628704629,
    0.046353646353646354,
    0.04365634365634365,
    0.05394605394605394,
    0.05141525141525142,
    0.07968697968697969,
    0.023076923076923075,
    0.048884448884448886,
    0.048784548784548784,
    0.06167166167166168,
    0.054045954045954046,
    0.030869130869130866,
    0.04625374625374625,
    0.07968697968697969,
    0.04109224109224109,
    0.06423576423576424,
    0.035897435897435895,
    0.06170496170496172,
    0.06686646686646687,
    0.059140859140859134,
    0.09004329004329005,
    0.04378954378954379,
    0.0643023643023643,
    0.05394605394605394,
    0.06936396936396937,
    0.059107559107559104,
    0.04625374625374625,
    0.061838161838161834,
    0.04372294372294372,
    0.0667998667998668,
    0.05917415917415918,
    0.08481518481518482,
    0.041292041292041295,
    0.06423576423576424,
    0.038594738594738595,
    0.048784548784548784,
    0.033466533466533464,
    0.07189477189477189,
    0.07459207459207459,
    0.056543456543456536,
    0.0643023643023643,
    0.04625374625374625,
    0.0693972693972694,
    0.059140859140859134,
    0.0643023643023643,
    0.05397935397935398,
    0.04368964368964369,
    0.06433566433566433,
    0.048917748917748916,
    0.07445887445887446,
    0.06936396936396937,
    0.03856143856143855,
    0.06423576423576424,
    0.10286380286380288,
    0.053979353979353974,
    0.06167166167166168,
    0.06426906426906427,
    0.059140859140859134,
    0.0771228771228771,
    0.06683316683316684,
    0.07965367965367967,
    0.054012654012654,
    0.05397935397935398,
    0.04372294372294372,
    0.06933066933066934,
    0.04881784881784882,
    0.04378954378954379,
    0.05647685647685648,
    0.07978687978687979,
    0.059140859140859134,
    0.04885114885114885,
    0.06686646686646687,
    0.04622044622044623,
    0.041058941058941055,
    0.04632034632034632,
    0.06693306693306693,
    0.05647685647685648,
    0.04881784881784882,
    0.0644022644022644,
    0.056510156510156506,
    0.059107559107559104,
    0.04888444888444888
  ],