{
  "acc_mean": 0.5117549117549117,
  "acc_std": 0.051649693508471185,
  "f1_macro_mean": 0.4724584680986065,
  "f1_macro_std": 0.0355593156320937,
  "p_acc": 0.004975124378109453,
  "p_f1": 0.004975124378109453,
  "perm_acc": [
    0.06693306693306693,
    0.06416916416916416,
    0.06686646686646687,
    0.07452547452547453,
    0.06423576423576424,
    0.041158841158841164,
    0.08741258741258742,
    0.07715617715617715,
    0.09513819513819514,
    0.07712287712287713,
    0.071994671994672,
    0.06683316683316684,
    0.06167166167166167,
    0.056510156510156506,
    0.04625374625374625,
    0.06173826173826173,
    0.04628704628704629,
    0.05647685647685648,
    0.08471528471528474,
    0.04122544122544122,
    0.05407925407925407,
    0.056543456543456536,
    0.0617049617049617,
    0.06423576423576424,
    0.08215118215118215,
    0.05411255411255411,
    0.059140859140859134,
    0.07455877455877455,
    0.08997668997668998,
    0.04891774891774891,
    0.06683316683316683,
    0.06686646686646687,
    0.04885114885114885,
    0.059140859140859134,
    0.07715617715617715,
    0.05141525141525142,
    0.07718947718947719,
    0.06160506160506161,
    0.05924075924075924,
    0.04109224109224109,
    0.07718947718947719,
    0.05394605394605394,
    0.06423576423576424,
    0.07189477189477189,
    0.05397935397935398,
    0.056610056610056615,
    0.04109224109224109,
    0.061771561771561775,
    0.07705627705627707,
    0.07206127206127207,
    0.06157176157176157,
    0.04881784881784882,
    0.07718947718947719,
    0.07196137196137195,
    0.0592074592074592,
    0.06163836163836164,
    0.07455877455877455,
    0.05651015651015652,
    0.06163836163836164,
    0.05647685647685648,
    0.06426906426906427,
    0.06167166167166167,
    0.03596403596403597,
    0.04881784881784881,
    0.05141525141525142,
    0.056543456543456536,
    0.06167166167166167,
    0.0617049617049617,
    0.06167166167166167,
    0.05391275391275392,
    0.0642024642024642,
    0.07452547452547453,
    0.0695970695970696,
    0.06170496170496172,
    0.08481518481518482,
    0.04372294372294372,
    0.048784548784548784,
    0.06170496170496169,
    0.06436896436896436,
    0.04625374625374625,
    0.06426906426906427,
    0.0618048618048618,
    0.04628704628704629,
    0.05397935397935398,
    0.06173826173826173,
    0.05394605394605394,
    0.0695970695970696,
    0.05910755910755912,
    0.048751248751248755,
    0.08484848484848484,
    0.038628038628038625,
    0.06160506160506161,
    0.05904095904095904,
    0.051381951381951375,
    0.0617049617049617,
    0.05397935397935398,
    0.06173826173826173,
    0.054045954045954046,
    0.0617049617049617,
    0.0643023643023643,
    0.08225108225108227,
    0.048751248751248755,
    0.05904095904095904,
    0.06430236430236429,
    0.05138195138195138,
    0.06173826173826173,
    0.07975357975357975,
    0.05144855144855145,
    0.04635364635364635,
    0.07712287712287713,
    0.043623043623043624,
    0.0566100566100566,
    0.06683316683316683,
    0.046353646353646354,
    0.035997335997336,
    0.035997335997336,
    0.06943056943056942,
    0.05924075924075924,
    0.06423576423576424,
    0.0643023643023643,
    0.0693972693972694,
    0.07455877455877455,
    0.08228438228438228,
    0.06689976689976689,
    0.05670995670995671,
    0.08231768231768233,
    0.04125874125874126,
    0.0618048618048618,
    0.07455877455877455,
    0.05128205128205128,
    0.04628704628704629,
    0.08211788211788212,
    0.059107559107559104,
    0.02823842823842824,
    0.0617049617049617,
    0.043756243756243755,
    0.06686646686646687,
    0.06430236430236431,
    0.06943056943056942,
    0.07449217449217449,
    0.059107559107559104,
    0.07455877455877455,
    0.06426906426906427,
    0.041125541125541135,
    0.03852813852813853,
    0.056443556443556454,
    0.04628704628704629,
    0.028205128205128206,
    0.05391275391275391,
    0.07962037962037963,
    0.0566100566100566,
    0.05134865134865135,
    0.06683316683316683,
    0.04102564102564103,
    0.06170496170496172,
    0.04625374625374625,
    0.05647685647685648,
    0.0693972693972694,
    0.038561438561438566,
    0.04632034632034632,
    0.053979353979353974,
    0.05141525141525142,
    0.06423576423576424,
    0.0566100566100566,
    0.06173826173826173,
    0.06426906426906427,
    0.05148185148185147,
    0.07192807192807193,
    0.04885114885114885,
    0.061771561771561775,
    0.048951048951048945,
    0.03596403596403597,
    0.038594738594738595,
    0.05654345654345655,
    0.06167166167166167,
    0.059074259074259075,
    0.0693972693972694,
    0.05141525141525142,
    0.0694971694971695,
    0.06163836163836164,
    0.07196137196137195,
    0.0848151848151848,
    0.051481851481851484,
    0.05154845154845156,
    0.051481851481851484,
    0.08218448218448218,
    0.0566100566100566,
    0.056643356643356645,
    0.04891774891774892,
    0.07442557442557443,
    0.03856143856143855,
    0.08747918747918748,
    0.07715617715617715,
    0.06936396936396937,
    0.06946386946386947,
    0.05397935397935398,
    0.05657675657675658,
    0.07196137196137195,
    0.051515151515151514,
    0.04885114885114885
  ],