{
  "acc_mean": 0.6764235764235764,
  "acc_std": 0.0655870003228149,
  "f1_macro_mean": 0.6343275025627968,
  "f1_macro_std": 0.08507441571710468,
  "p_acc": 0.004975124378109453,
  "p_f1": 0.004975124378109453,
  "perm_acc": [
    0.059107559107559104,
    0.0771228771228771,
    0.05904095904095904,
    0.08491508491508491,
    0.07715617715617715,
    0.06426906426906427,
    0.06933066933066934,
    0.06426906426906427,
    0.0693972693972694,
    0.048784548784548784,
    0.06423576423576424,
    0.04881784881784882,
    0.06676656676656677,
    0.05904095904095904,
    0.028338328338328334,
    0.04368964368964369,
    0.054012654012654,
    0.09507159507159509,
    0.05904095904095904,
    0.04885114885114885,
    0.054045954045954046,
    0.04881784881784882,
    0.05391275391275392,
    0.05148185148185147,
    0.04365634365634365,
    0.05651015651015652,
    0.054045954045954046,
    0.07455877455877455,
    0.0644022644022644,
    0.06163836163836164,
    0.06163836163836164,
    0.0618048618048618,
    0.07705627705627707,
    0.06926406926406926,
    0.04885114885114885,
    0.0693972693972694,
    0.0693972693972694,
    0.033466533466533464,
    0.071994671994672,
    0.04368964368964369,
    0.07962037962037963,
    0.054012654012654,
    0.04881784881784882,
    0.06943056943056944,
    0.04112554112554112,
    0.054012654012654,
    0.07705627705627707,
    0.07712287712287713,
    0.06949716949716948,
    0.054045954045954046,
    0.054012654012654,
    0.06436896436896437,
    0.07469197469197468,
    0.04109224109224109,
    0.06170496170496169,
    0.08488178488178488,
    0.05910755910755912,
    0.03856143856143855,
    0.07712287712287713,
    0.05917415917415918,
    0.059074259074259075,
    0.03593073593073593,
    0.038561438561438566,
    0.05394605394605395,
    0.041125541125541135,
    0.05654345654345655,
    0.0694971694971695,
    0.05138195138195138,
    0.059140859140859134,
    0.06676656676656677,
    0.06426906426906427,
    0.05138195138195138,
    0.06689976689976691,
    0.06933066933066934,
    0.06683316683316683,
    0.05670995670995671,
    0.059074259074259075,
    0.06686646686646687,
    0.03852813852813853,
    0.048884448884448886,
    0.07452547452547453,
    0.06936396936396937,
    0.0668997668997669,
    0.0668997668997669,
    0.07212787212787213,
    0.04628704628704629,
    0.04628704628704629,
    0.06430236430236431,
    0.06173826173826173,
    0.04885114885114885,
    0.06170496170496169,
    0.05900765900765901,
    0.0617049617049617,
    0.056643356643356645,
    0.04635364635364635,
    0.05141525141525142,
    0.07216117216117215,
    0.09247419247419249,
    0.06953046953046953,
    0.0642024642024642,
    0.059140859140859134,
    0.04885114885114885,
    0.06433566433566433,
    0.061771561771561775,
    0.043756243756243755,
    0.07445887445887446,
    0.05141525141525142,
    0.04622044622044622,
    0.05647685647685648,
    0.06693306693306693,
    0.0592074592074592,
    0.0667998667998668,
    0.05667665667665667,
    0.04622044622044623,
    0.05647685647685648,
    0.05141525141525142,
    0.06676656676656677,
    0.04112554112554112,
    0.038561438561438566,
    0.06426906426906427,
    0.06430236430236431,
    0.0643023643023643,
    0.071994671994672,
    0.08488178488178488,
    0.04109224109224109,
    0.05394605394605394,
    0.041158841158841164,
    0.06933066933066934,
    0.04632034632034632,
    0.04628704628704629,
    0.02567432567432567,
    0.06180486180486181,
    0.05654345654345655,
    0.06163836163836164,
    0.05138195138195138,
    0.05647685647685648,
    0.07708957708957709,
    0.0566100566100566,
    0.0693972693972694,
    0.06173826173826173,
    0.05657675657675658,
    0.06949716949716951,
    0.06949716949716951,
    0.05904095904095904,
    0.04881784881784882,
    0.048917748917748916,
    0.04628704628704629,
    0.05391275391275391,
    0.059107559107559104,
    0.06946386946386947,
    0.05917415917415918,
    0.0668997668997669,
    0.06943056943056942,
    0.05654345654345655,
    0.05657675657675658,
    0.06943056943056944,
    0.06689976689976689,
    0.051515151515151514,
    0.06946386946386947,
    0.08747918747918747,
    0.07708957708957709,
    0.048917748917748916,
    0.08488178488178488,
    0.04628704628704629,
    0.06170496170496172,
    0.048884448884448886,
    0.04881784881784882,
    0.07705627705627706,
    0.030802530802530804,
    0.038594738594738595,
    0.0693972693972694,
    0.071994671994672,
    0.059074259074259075,
    0.056510156510156506,
    0.054012654012654,
    0.07459207459207459,
    0.0667998667998668,
    0.0692973692973693,
    0.06949716949716948,
    0.04625374625374625,
    0.06170496170496172,
    0.06426906426906427,
    0.046187146187146186,
    0.05134865134865134,
    0.04885114885114885,
    0.07189477189477189,
    0.07206127206127207,
    0.07192807192807193,
    0.04372294372294372,
    0.07192807192807193,
    0.05141525141525142,
    0.05654345654345655,
    0.06686646686646687,
    0.05134865134865134,
    0.06933066933066934,
    0.06173826173826173,
    0.06943056943056942,
    0.06416916416916416,
    0.05904095904095904,
    0.05391275391275391
  ],