{
  "acc_mean": 0.12604062604062602,
  "acc_std": 0.02532182353403587,
  "f1_macro_mean": 0.10059813352838302,
  "f1_macro_std": 0.023434753142378806,
  "p_acc": 0.004975124378109453,
  "p_f1": 0.004975124378109453,
  "perm_acc": [
    0.04382284382284383,
    0.06936396936396937,
    0.071994671994672,
    0.04638694638694639,
    0.08737928737928738,
    0.051515151515151514,
    0.0744921744921745,
    0.05397935397935398,
    0.05657675657675657,
    0.04881784881784882,
    0.04622044622044622,
    0.07708957708957709,
    0.04365634365634366,
    0.03849483849483849,
    0.05657675657675657,
    0.06436896436896436,
    0.04632034632034632,
    0.05667665667665667,
    0.05910755910755912,
    0.03603063603063603,
    0.06170496170496169,
    0.06167166167166167,
    0.06167166167166167,
    0.06163836163836164,
    0.05647685647685648,
    0.061771561771561775,
    0.09000999000999002,
    0.038561438561438566,
    0.07196137196137195,
    0.0566100566100566,
    0.07202797202797204,
    0.06953046953046951,
    0.04881784881784882,
    0.0823176823176823,
    0.07708957708957709,
    0.046287046287046295,
    0.054045954045954046,
    0.06426906426906427,
    0.030835830835830837,
    0.04881784881784882,
    0.0746919746919747,
    0.054012654012654,
    0.06160506160506161,
    0.05144855144855145,
    0.06167166167166167,
    0.05397935397935398,
    0.08741258741258742,
    0.04372294372294373,
    0.06423576423576424,
    0.07455877455877455,
    0.041058941058941055,
    0.04365634365634365,
    0.06173826173826173,
    0.10026640026640028,
    0.0771228771228771,
    0.0718947718947719,
    0.07196137196137195,
    0.07715617715617715,
    0.04881784881784882,
    0.04112554112554112,
    0.0925074925074925,
    0.07192807192807193,
    0.053979353979353974,
    0.06426906426906427,
    0.0617049617049617,
    0.05667665667665667,
    0.0745254745254745,
    0.05144855144855145,
    0.07968697968697969,
    0.0720945720945721,
    0.0667998667998668,
    0.0745254745254745,
    0.04888444888444888,
    0.07192807192807193,
    0.0642024642024642,
    0.059107559107559104,
    0.04625374625374625,
    0.06433566433566433,
    0.07459207459207459,
    0.05141525141525142,
    0.06426906426906427,
    0.05900765900765901,
    0.06426906426906427,
    0.048784548784548784,
    0.03856143856143855,
    0.0333999333999334,
    0.06683316683316683,
    0.059107559107559104,
    0.0283050283050283,
    0.07705627705627707,
    0.05917415917415918,
    0.04365634365634366,
    0.059074259074259075,
    0.06683316683316683,
    0.04885114885114885,
    0.06163836163836164,
    0.07712287712287713,
    0.04875124875124875,
    0.07718947718947719,
    0.04881784881784882,
    0.05391275391275391,
    0.05651015651015652,
    0.06673326673326672,
    0.07962037962037963,
    0.061771561771561775,
    0.05391275391275392,
    0.0617049617049617,
    0.0694971694971695,
    0.06683316683316684,
    0.06430236430236431,
    0.04365634365634366,
    0.061771561771561775,
    0.06163836163836165,
    0.07202797202797202,
    0.048784548784548784,
    0.06433566433566433,
    0.07459207459207459,
    0.04625374625374625,
    0.08238428238428239,
    0.056776556776556776,
    0.07718947718947719,
    0.056643356643356645,
    0.04365634365634365,
    0.06683316683316684,
    0.04378954378954379,
    0.0720945720945721,
    0.06686646686646687,
    0.07206127206127207,
    0.08218448218448218,
    0.06177156177156177,
    0.04628704628704629,
    0.08747918747918747,
    0.0333999333999334,
    0.05397935397935398,
    0.05394605394605395,
    0.06676656676656677,
    0.07449217449217449,
    0.0566100566100566,
    0.06686646686646687,
    0.06946386946386947,
    0.07978687978687979,
    0.05917415917415918,
    0.08741258741258742,
    0.053979353979353974,
    0.04628704628704629,
    0.0667998667998668,
    0.0771228771228771,
    0.04625374625374625,
    0.07192807192807193,
    0.08228438228438228,
    0.06423576423576424,
    0.05657675657675658,
    0.05397935397935398,
    0.05657675657675658,
    0.059074259074259075,
    0.05144855144855145,
    0.06163836163836164,
    0.054012654012654,
    0.041158841158841164,
    0.061771561771561775,
    0.04632034632034632,
    0.046187146187146186,
    0.06167166167166167,
    0.0566100566100566,
    0.0566100566100566,
    0.06163836163836165,
    0.04888444888444888,
    0.0667998667998668,
    0.033433233433233435,
    0.046353646353646354,
    0.05657675657675657,
    0.07968697968697969,
    0.05654345654345655,
    0.08994338994338995,
    0.0566100566100566,
    0.05647685647685648,
    0.0693972693972694,
    0.03852813852813853,
    0.07978687978687979,
    0.04628704628704629,
    0.05657675657675658,
    0.07192807192807193,
    0.04891774891774892,
    0.038628038628038625,
    0.08235098235098236,
    0.04888444888444888,
    0.04372294372294372,
    0.046187146187146186,
    0.07196137196137195,
    0.06933066933066934,
    0.06416916416916417,
    0.08994338994338995,
    0.04365634365634365,
    0.04888444888444888,
    0.07718947718947719,
    0.07459207459207459,
    0.04885114885114885,
    0.07452547452547453,
    0.06167166167166167,
    0.05904095904095905
  ],