{
  "acc_mean": 0.8006455997281685,
  "acc_std": 0.04324169354450406,
  "f1_macro_mean": 0.7487524394098788,
  "f1_macro_std": 0.05714498430381602
}