{
  "AUC": 0.7103841335687516,
  "ACC": 0.6446331022387779,
  "F1": 0.6260115275681538
}