{
  "AUC": 0.7003567619257788,
  "ACC": 0.663820704375667,
  "F1": 0.6480446927374302
}