{
  "ASD_median_abs_r": 0.22800221975582685,
  "ASD_fdr_pct": 91.2713567839196,
  "Control_median_abs_r": 0.2295958749583467,
  "Control_fdr_pct": 94.79899497487438
}