{
  "AUC": 0.7146943334157023,
  "ACC": 0.6603406671201679,
  "F1": 0.6572538884910877
}