{
  "AUC": 0.7318722645187392,
  "ACC": 0.6840981856990395,
  "F1": 0.6954732510288066
}