{
  "AUC": 0.7318906543087278,
  "ACC": 0.6851654215581644,
  "F1": 0.696813977389517
}