{
  "AUC": 0.7146734638778953,
  "ACC": 0.6600628893423901,
  "F1": 0.6569192598209668
}