{
  "ASD_median_abs_r": 0.1929166808883428,
  "ASD_fdr_pct": 92.8391959798995,
  "Control_median_abs_r": 0.20488503711400258,
  "Control_fdr_pct": 89.12562814070351
}